<?xml version="1.0" encoding="UTF-8" ?>
<extension type="package" version="1.6">
    <name>Istribute Package</name>
    <author>Seria AS</author>
    <creationDate>Sep 2014</creationDate>
    <packagename>istribute</packagename>
    <version>0.1.0</version>
    <url>https://istribute.com/</url>
    <packager>Seria AS</packager>
    <packagerurl>http://seria.no/</packagerurl>
    <description>A package that includes the component and plugins for istribute.</description>
    <files folder="packages">
        <file type="component" id="com_istribute">com_istribute.zip</file>
        <file type="plugin" id="istributebtn" group="editors-xtd">istributebtn.zip</file>
        <file type="plugin" id="istributeview" group="content">istributeview.zip</file>
    </files>
</extension>